source,output,originalBytes,outputBytes,width,height,error
"00_preview_contact_sheet.jpg","assets/ih-all/00_preview_contact_sheet.webp","516940","277092","1100","2244",""
"02_about/about_bw_road_car.webp","assets/ih-all/02_about/about_bw_road_car.webp","105622","73452","586","780",""
"02_about/about_map_budapest.jpg","assets/ih-all/02_about/about_map_budapest.webp","245600","173594","1080","1920",""
"02_about/about_portrait_black_shirt.webp","assets/ih-all/02_about/about_portrait_black_shirt.webp","6753538","773280","4198","3973",""
"02_about/about_portrait_red_background.webp","assets/ih-all/02_about/about_portrait_red_background.webp","604422","296576","1942","2589",""
"02_about/about_studio_chair_lamp.webp","assets/ih-all/02_about/about_studio_chair_lamp.webp","94944","63238","1056","1035",""
"03_partner_logos/logo_a38.webp","assets/ih-all/03_partner_logos/logo_a38.webp","7748","6226","1000","1000",""
"03_partner_logos/logo_beton_hofi.webp","assets/ih-all/03_partner_logos/logo_beton_hofi.webp","24380","18322","1000","1000",""
"03_partner_logos/logo_biff.webp","assets/ih-all/03_partner_logos/logo_biff.webp","5972","5254","1000","1000",""
"03_partner_logos/logo_bracket_mark_unknown.webp","assets/ih-all/03_partner_logos/logo_bracket_mark_unknown.webp","2328","2372","1000","1000",""
"03_partner_logos/logo_budapest_park.webp","assets/ih-all/03_partner_logos/logo_budapest_park.webp","29844","21518","1000","1000",""
"03_partner_logos/logo_cenzura.webp","assets/ih-all/03_partner_logos/logo_cenzura.webp","19878","15956","1000","1000",""
"03_partner_logos/logo_hbo.webp","assets/ih-all/03_partner_logos/logo_hbo.webp","6830","5700","1000","1000",""
"04_projects/5 Kötelező Giorgio/IMG_3752.JPG","assets/ih-all/04_projects/5-kotelezo-giorgio/img_3752.webp","935818","179402","3520","1980",""
"04_projects/cenzura-xxl/Still 2025-10-31 104632_1.1.1.jpg","assets/ih-all/04_projects/cenzura-xxl/still-2025-10-31-104632_1.1.1.webp","1185755","58736","1080","1920",""
"04_projects/cenzura-xxl/Still 2025-10-31 104632_1.15.1.jpg","assets/ih-all/04_projects/cenzura-xxl/still-2025-10-31-104632_1.15.1.webp","4299439","85474","2160","3840",""
"04_projects/cenzura-xxl/Still 2025-10-31 104632_1.25.1.jpg","assets/ih-all/04_projects/cenzura-xxl/still-2025-10-31-104632_1.25.1.webp","7560921","439608","2160","3840",""
"04_projects/cenzura-xxl/Still 2025-10-31 104632_1.27.1.jpg","assets/ih-all/04_projects/cenzura-xxl/still-2025-10-31-104632_1.27.1.webp","4119715","123172","2160","3840",""
"04_projects/cenzura-xxl/Still 2025-10-31 104632_1.29.1.jpg","assets/ih-all/04_projects/cenzura-xxl/still-2025-10-31-104632_1.29.1.webp","3210248","73026","2160","3840",""
"04_projects/cenzura-xxl/Still 2025-10-31 104632_1.32.1.jpg","assets/ih-all/04_projects/cenzura-xxl/still-2025-10-31-104632_1.32.1.webp","2295168","142546","2160","3840",""
"04_projects/cenzura-xxl/Still 2025-10-31 104632_1.33.1.jpg","assets/ih-all/04_projects/cenzura-xxl/still-2025-10-31-104632_1.33.1.webp","4154884","204574","2160","3840",""
"04_projects/cenzura-xxl/Still 2025-10-31 104632_1.5.1.jpg","assets/ih-all/04_projects/cenzura-xxl/still-2025-10-31-104632_1.5.1.webp","1047342","67644","1080","1920",""
"04_projects/cenzura-xxl/Still 2025-10-31 104632_1.5.3.jpg","assets/ih-all/04_projects/cenzura-xxl/still-2025-10-31-104632_1.5.3.webp","1030711","59660","1080","1920",""
"04_projects/cenzura-xxl/Still 2025-10-31 104632_1.7.1.jpg","assets/ih-all/04_projects/cenzura-xxl/still-2025-10-31-104632_1.7.1.webp","963560","31550","1080","1920",""
"04_projects/cenzura-xxl/Still 2025-10-31 104632_1.8.1.jpg","assets/ih-all/04_projects/cenzura-xxl/still-2025-10-31-104632_1.8.1.webp","1111048","46098","1080","1920",""
"04_projects/cenzura-xxl/Still 2025-10-31 104632_1.8.2.jpg","assets/ih-all/04_projects/cenzura-xxl/still-2025-10-31-104632_1.8.2.webp","1007333","54362","1080","1920",""
"04_projects/hofi-tarr-bela/357_0006.jpg","assets/ih-all/04_projects/hofi-tarr-bela/357_0006.webp","38347755","703436","6744","4500",""
"04_projects/hofi-tarr-bela/357_0017.jpg","assets/ih-all/04_projects/hofi-tarr-bela/357_0017.webp","35734529","274032","6744","4500",""
"04_projects/hofi-tarr-bela/357_0025.jpg","assets/ih-all/04_projects/hofi-tarr-bela/357_0025.webp","38126804","452792","6736","4486",""
"04_projects/hofi-tarr-bela/357_0029.jpg","assets/ih-all/04_projects/hofi-tarr-bela/357_0029.webp","42808628","675932","6744","4500",""
"04_projects/hofi-tarr-bela/357_0045.jpg","assets/ih-all/04_projects/hofi-tarr-bela/357_0045.webp","38594225","659418","6744","4500",""
"04_projects/hofi-tarr-bela/357_0050.jpg","assets/ih-all/04_projects/hofi-tarr-bela/357_0050.webp","45248430","732310","6744","4500",""
"04_projects/hofi-tarr-bela/357_0052.jpg","assets/ih-all/04_projects/hofi-tarr-bela/357_0052.webp","39631417","921722","6516","4150",""
"04_projects/hofi-tarr-bela/357_0059.jpg","assets/ih-all/04_projects/hofi-tarr-bela/357_0059.webp","48202477","1024180","6744","4500",""
"04_projects/hofi-tarr-bela/357_0062W.jpg","assets/ih-all/04_projects/hofi-tarr-bela/357_0062w.webp","37120643","780054","6744","4500",""
"04_projects/hofi-tarr-bela/357_0066.jpg","assets/ih-all/04_projects/hofi-tarr-bela/357_0066.webp","28931265","929182","5322","3516",""
"04_projects/hofi-tarr-bela/357_0068s.jpg","assets/ih-all/04_projects/hofi-tarr-bela/357_0068s.webp","40377948","808566","6617","4203",""
"04_projects/hofi-tarr-bela/357_0073.jpg","assets/ih-all/04_projects/hofi-tarr-bela/357_0073.webp","39441018","774014","4500","6744",""
"04_projects/hofi-tarr-bela/357_0114.jpg","assets/ih-all/04_projects/hofi-tarr-bela/357_0114.webp","40544934","303534","6744","4500",""
"04_projects/hofi-tarr-bela/357_0142.jpg","assets/ih-all/04_projects/hofi-tarr-bela/357_0142.webp","32798538","349718","6744","4500",""
"04_projects/hofi-tarr-bela/357_0151.jpg","assets/ih-all/04_projects/hofi-tarr-bela/357_0151.webp","31100350","211468","6744","4500",""
"04_projects/hofi-tarr-bela/357_0153.jpg","assets/ih-all/04_projects/hofi-tarr-bela/357_0153.webp","34305843","250048","6744","4500",""
"04_projects/hofi-tarr-bela/357_0161.jpg","assets/ih-all/04_projects/hofi-tarr-bela/357_0161.webp","34347839","338200","6744","4500",""
"04_projects/hofi-tarr-bela/357_0177w.jpg","assets/ih-all/04_projects/hofi-tarr-bela/357_0177w.webp","39897606","242300","6744","4500",""
"04_projects/hofi-tarr-bela/357_0180w.jpg","assets/ih-all/04_projects/hofi-tarr-bela/357_0180w.webp","36347077","678028","6744","4500",""
"04_projects/hofi-tarr-bela/357_0192.jpg","assets/ih-all/04_projects/hofi-tarr-bela/357_0192.webp","36713024","491554","6682","4406",""
"04_projects/hofi-tarr-bela/357_0198.jpg","assets/ih-all/04_projects/hofi-tarr-bela/357_0198.webp","33401366","652326","6744","4500",""
"04_projects/hofi-tarr-bela/357_0198w.jpg","assets/ih-all/04_projects/hofi-tarr-bela/357_0198w.webp","33539421","651878","6744","4500",""
"04_projects/hofi-tarr-bela/357_0202.jpg","assets/ih-all/04_projects/hofi-tarr-bela/357_0202.webp","39201461","362116","6744","4500",""
"04_projects/hofi-tarr-bela/357_0211.jpg","assets/ih-all/04_projects/hofi-tarr-bela/357_0211.webp","26160723","520110","6179","3697",""
"04_projects/hofi-tarr-bela/357_0222.jpg","assets/ih-all/04_projects/hofi-tarr-bela/357_0222.webp","33622066","398854","6602","4284",""
"04_projects/hofi-tarr-bela/357_0249.jpg","assets/ih-all/04_projects/hofi-tarr-bela/357_0249.webp","41787433","499930","6639","4442",""
"04_projects/hofi-tarr-bela/357_9285.jpg","assets/ih-all/04_projects/hofi-tarr-bela/357_9285.webp","23758633","358248","3919","5693",""
"04_projects/hofi-tarr-bela/357_9292.jpg","assets/ih-all/04_projects/hofi-tarr-bela/357_9292.webp","41943465","741656","6744","4500",""
"04_projects/hofi-tarr-bela/357_9309.jpg","assets/ih-all/04_projects/hofi-tarr-bela/357_9309.webp","36263293","450662","4500","6744",""
"04_projects/hofi-tarr-bela/357_9321.jpg","assets/ih-all/04_projects/hofi-tarr-bela/357_9321.webp","33658559","492236","4356","6648",""
"04_projects/hofi-tarr-bela/357_9338.jpg","assets/ih-all/04_projects/hofi-tarr-bela/357_9338.webp","31972122","302658","4500","6744",""
"04_projects/hofi-tarr-bela/357_9359w.jpg","assets/ih-all/04_projects/hofi-tarr-bela/357_9359w.webp","39885478","708016","4402","6678",""
"04_projects/hofi-tarr-bela/357_9391.jpg","assets/ih-all/04_projects/hofi-tarr-bela/357_9391.webp","17011715","715702","2935","4623",""
"04_projects/hofi-tarr-bela/357_9396.jpg","assets/ih-all/04_projects/hofi-tarr-bela/357_9396.webp","31784802","370686","4428","6696",""
"04_projects/hofi-tarr-bela/357_9408.jpg","assets/ih-all/04_projects/hofi-tarr-bela/357_9408.webp","36215780","473930","6603","4498",""
"04_projects/hofi-tarr-bela/357_9410.jpg","assets/ih-all/04_projects/hofi-tarr-bela/357_9410.webp","41441483","679892","6744","4500",""
"04_projects/hofi-tarr-bela/357_9463.jpg","assets/ih-all/04_projects/hofi-tarr-bela/357_9463.webp","38189050","461262","6744","4500",""
"04_projects/hofi-tarr-bela/357_9468.jpg","assets/ih-all/04_projects/hofi-tarr-bela/357_9468.webp","37917535","484330","6744","4500",""
"04_projects/hofi-tarr-bela/357_9470.jpg","assets/ih-all/04_projects/hofi-tarr-bela/357_9470.webp","39338723","530972","6744","4500",""
"04_projects/hofi-tarr-bela/357_9479.jpg","assets/ih-all/04_projects/hofi-tarr-bela/357_9479.webp","31497712","404622","6552","4206",""
"04_projects/hofi-tarr-bela/357_9488.jpg","assets/ih-all/04_projects/hofi-tarr-bela/357_9488.webp","34885197","364044","4500","6744",""
"04_projects/hofi-tarr-bela/357_9508.jpg","assets/ih-all/04_projects/hofi-tarr-bela/357_9508.webp","32667833","363800","4332","6632",""
"04_projects/hofi-tarr-bela/357_9526.jpg","assets/ih-all/04_projects/hofi-tarr-bela/357_9526.webp","35557729","409032","4500","6744",""
"04_projects/hofi-tarr-bela/357_9576.jpg","assets/ih-all/04_projects/hofi-tarr-bela/357_9576.webp","31688858","325218","4422","6692",""
"04_projects/hofi-tarr-bela/357_9579.jpg","assets/ih-all/04_projects/hofi-tarr-bela/357_9579.webp","41240457","786110","4500","6744",""
"04_projects/hofi-tarr-bela/357_9608.jpg","assets/ih-all/04_projects/hofi-tarr-bela/357_9608.webp","38677094","568754","4500","6744",""
"04_projects/hofi-tarr-bela/357_9608w.jpg","assets/ih-all/04_projects/hofi-tarr-bela/357_9608w.webp","18202384","780828","4500","3257",""
"04_projects/hofi-tarr-bela/357_9643.jpg","assets/ih-all/04_projects/hofi-tarr-bela/357_9643.webp","37901146","649790","4464","6720",""
"04_projects/hofi-tarr-bela/357_9683.jpg","assets/ih-all/04_projects/hofi-tarr-bela/357_9683.webp","28341779","300120","4500","6744",""
"04_projects/hofi-tarr-bela/357_9697.jpg","assets/ih-all/04_projects/hofi-tarr-bela/357_9697.webp","35385833","584666","4302","6614",""
"04_projects/hofi-tarr-bela/357_9718.jpg","assets/ih-all/04_projects/hofi-tarr-bela/357_9718.webp","34255751","452574","6556","4214",""
"04_projects/hofi-tarr-bela/357_9734.jpg","assets/ih-all/04_projects/hofi-tarr-bela/357_9734.webp","32396032","341650","4410","6684",""
"04_projects/hofi-tarr-bela/357_9738.jpg","assets/ih-all/04_projects/hofi-tarr-bela/357_9738.webp","35695682","453968","4500","6744",""
"04_projects/hofi-tarr-bela/357_9752.jpg","assets/ih-all/04_projects/hofi-tarr-bela/357_9752.webp","34424538","481864","4500","6744",""
"04_projects/hofi-tarr-bela/357_9754.jpg","assets/ih-all/04_projects/hofi-tarr-bela/357_9754.webp","41363177","697640","4500","6744",""
"04_projects/hofi-tarr-bela/357_9766.jpg","assets/ih-all/04_projects/hofi-tarr-bela/357_9766.webp","36911452","562868","4500","6744",""
"04_projects/hofi-tarr-bela/357_9771.jpg","assets/ih-all/04_projects/hofi-tarr-bela/357_9771.webp","34560083","702316","6744","4500",""
"04_projects/hofi-tarr-bela/357_9788s.jpg","assets/ih-all/04_projects/hofi-tarr-bela/357_9788s.webp","44447449","586298","4500","6744",""
"04_projects/hofi-tarr-bela/357_9795.jpg","assets/ih-all/04_projects/hofi-tarr-bela/357_9795.webp","29529163","380152","4200","6360",""
"04_projects/hofi-tarr-bela/357_9851.jpg","assets/ih-all/04_projects/hofi-tarr-bela/357_9851.webp","43642672","531284","4500","6744",""
"04_projects/hofi-tarr-bela/357_9860.jpg","assets/ih-all/04_projects/hofi-tarr-bela/357_9860.webp","40539298","426960","4500","6744",""
"04_projects/hofi-tarr-bela/357_9862.jpg","assets/ih-all/04_projects/hofi-tarr-bela/357_9862.webp","37472779","445144","6429","4184",""
"04_projects/hofi-tarr-bela/357_9867.jpg","assets/ih-all/04_projects/hofi-tarr-bela/357_9867.webp","42329330","363822","4123","6638",""
"04_projects/hofi-tarr-bela/357_9874.jpg","assets/ih-all/04_projects/hofi-tarr-bela/357_9874.webp","41408550","358974","4500","6744",""
"04_projects/hofi-tarr-bela/357_9887.jpg","assets/ih-all/04_projects/hofi-tarr-bela/357_9887.webp","43353587","404430","4500","6744",""
"04_projects/hofi-tarr-bela/357_9908.jpg","assets/ih-all/04_projects/hofi-tarr-bela/357_9908.webp","32994892","307492","6744","4500",""
"04_projects/hofi-tarr-bela/357_9918.jpg","assets/ih-all/04_projects/hofi-tarr-bela/357_9918.webp","37981846","387936","4416","6688",""
"04_projects/hofi-tarr-bela/357_9926.jpg","assets/ih-all/04_projects/hofi-tarr-bela/357_9926.webp","47662603","684818","4500","6744",""
"04_projects/hofi-tarr-bela/357_9930.jpg","assets/ih-all/04_projects/hofi-tarr-bela/357_9930.webp","31764766","205644","4376","6662",""
"04_projects/hofi-tarr-bela/357_9953.jpg","assets/ih-all/04_projects/hofi-tarr-bela/357_9953.webp","50577588","569484","4500","6744",""
"04_projects/hofi-tarr-bela/357_9954.jpg","assets/ih-all/04_projects/hofi-tarr-bela/357_9954.webp","32440253","540386","3312","5963",""
"04_projects/hofi-tarr-bela/357_9959.jpg","assets/ih-all/04_projects/hofi-tarr-bela/357_9959.webp","40713402","604402","4418","6068",""
"04_projects/hofi-tarr-bela/PMPK5094.jpg","assets/ih-all/04_projects/hofi-tarr-bela/pmpk5094.webp","28381056","430286","3932","5968",""
"04_projects/hofi-tarr-bela/PMPK5094w.jpg","assets/ih-all/04_projects/hofi-tarr-bela/pmpk5094w.webp","22166411","620690","3641","5016",""
"04_projects/hofi-tarr-bela/Still 2026-01-10 233852_1.36.1.jpg","assets/ih-all/04_projects/hofi-tarr-bela/still-2026-01-10-233852_1.36.1.webp","1287374","72998","1920","1080",""
"04_projects/hofi-tarr-bela/Still 2026-01-10 233852_1.38.1.jpg","assets/ih-all/04_projects/hofi-tarr-bela/still-2026-01-10-233852_1.38.1.webp","1109711","78438","1920","1080",""
"04_projects/hofi-tarr-bela/Still 2026-01-10 233852_1.39.1.jpg","assets/ih-all/04_projects/hofi-tarr-bela/still-2026-01-10-233852_1.39.1.webp","1121207","77982","1920","1080",""
"04_projects/hofi-tarr-bela/Still 2026-01-10 233852_1.42.1.jpg","assets/ih-all/04_projects/hofi-tarr-bela/still-2026-01-10-233852_1.42.1.webp","562523","33082","1280","720",""
"04_projects/insta-karuzel/1/1.png","assets/ih-all/04_projects/insta-karuzel/1/1.webp","1259652","107984","1080","1350",""
"04_projects/insta-karuzel/1/3.png","assets/ih-all/04_projects/insta-karuzel/1/3.webp","2068864","225698","1080","1350",""
"04_projects/insta-karuzel/2/60.png","assets/ih-all/04_projects/insta-karuzel/2/60.webp","1122049","91214","1080","1350",""
"04_projects/insta-karuzel/2/62.png","assets/ih-all/04_projects/insta-karuzel/2/62.webp","1321220","110328","1080","1350",""
"04_projects/insta-karuzel/3/20.png","assets/ih-all/04_projects/insta-karuzel/3/20.webp","1358935","310668","1080","1350",""
"04_projects/insta-karuzel/3/21.png","assets/ih-all/04_projects/insta-karuzel/3/21.webp","756641","99346","1080","1350",""
"04_projects/insta-karuzel/3/26.png","assets/ih-all/04_projects/insta-karuzel/3/26.webp","545273","92928","1080","1350",""
"04_projects/insta-karuzel/4/1.png","assets/ih-all/04_projects/insta-karuzel/4/1.webp","1110584","55556","1080","1350",""
"04_projects/insta-karuzel/4/10.png","assets/ih-all/04_projects/insta-karuzel/4/10.webp","1751625","225192","1080","1350",""
"04_projects/insta-karuzel/4/4.png","assets/ih-all/04_projects/insta-karuzel/4/4.webp","1256012","111402","1080","1350",""
"04_projects/insta-karuzel/5/1.png","assets/ih-all/04_projects/insta-karuzel/5/1.webp","669770","28642","1080","1350",""
"04_projects/insta-karuzel/5/10.png","assets/ih-all/04_projects/insta-karuzel/5/10.webp","2151366","229832","1080","1350",""
"04_projects/insta-karuzel/5/6.png","assets/ih-all/04_projects/insta-karuzel/5/6.webp","560387","42372","1080","1350",""
"04_projects/insta-karuzel/5/8.png","assets/ih-all/04_projects/insta-karuzel/5/8.webp","391850","89378","1080","1350",""
"04_projects/insta-karuzel/BIFF/1.png","assets/ih-all/04_projects/insta-karuzel/biff/1.webp","2967380","303520","1080","1350",""
"04_projects/insta-karuzel/BIFF/4.png","assets/ih-all/04_projects/insta-karuzel/biff/4.webp","1797768","59540","1080","1350",""
"04_projects/insta-karuzel/BIFF/6.png","assets/ih-all/04_projects/insta-karuzel/biff/6.webp","2261592","93428","1080","1350",""
"04_projects/kepes-interjuk/14.png","assets/ih-all/04_projects/kepes-interjuk/14.webp","2244294","133200","1080","1350",""
"04_projects/kepes-interjuk/15.png","assets/ih-all/04_projects/kepes-interjuk/15.webp","1901711","64644","1080","1350",""
"04_projects/kepes-interjuk/16.png","assets/ih-all/04_projects/kepes-interjuk/16.webp","2210071","107634","1080","1350",""
"04_projects/kepes-interjuk/17.png","assets/ih-all/04_projects/kepes-interjuk/17.webp","2194928","123856","1080","1350",""
"04_projects/kepes-interjuk/18.png","assets/ih-all/04_projects/kepes-interjuk/18.webp","2114078","104778","1080","1350",""
"04_projects/kepes-interjuk/19.png","assets/ih-all/04_projects/kepes-interjuk/19.webp","2227979","121570","1080","1350",""
"04_projects/kepes-interjuk/20.png","assets/ih-all/04_projects/kepes-interjuk/20.webp","2179073","116044","1080","1350",""
"04_projects/kepes-interjuk/21.png","assets/ih-all/04_projects/kepes-interjuk/21.webp","2304335","119152","1080","1350",""
"04_projects/kepes-interjuk/22.png","assets/ih-all/04_projects/kepes-interjuk/22.webp","2220487","125242","1080","1350",""
"04_projects/kepes-interjuk/23.png","assets/ih-all/04_projects/kepes-interjuk/23.webp","2111244","105160","1080","1350",""
"04_projects/melyviz-vvkriszti/Still 2026-01-10 232238_1.21.1.jpg","assets/ih-all/04_projects/melyviz-vvkriszti/still-2026-01-10-232238_1.21.1.webp","651828","71154","1920","1080",""
"04_projects/melyviz-vvkriszti/Still 2026-01-10 232238_1.22.1.jpg","assets/ih-all/04_projects/melyviz-vvkriszti/still-2026-01-10-232238_1.22.1.webp","613693","55642","1920","1080",""
"04_projects/melyviz-vvkriszti/Still 2026-01-10 232238_1.28.1.jpg","assets/ih-all/04_projects/melyviz-vvkriszti/still-2026-01-10-232238_1.28.1.webp","693175","67438","1920","1080",""
"04_projects/melyviz-vvkriszti/Still 2026-01-10 232238_1.42.1.jpg","assets/ih-all/04_projects/melyviz-vvkriszti/still-2026-01-10-232238_1.42.1.webp","1105771","85672","1920","1080",""
"04_projects/melyviz-vvkriszti/Still 2026-01-10 232238_1.43.1.jpg","assets/ih-all/04_projects/melyviz-vvkriszti/still-2026-01-10-232238_1.43.1.webp","1117792","86464","1920","1080",""
"04_projects/melyviz-vvkriszti/Still 2026-01-10 232238_2.16.1.jpg","assets/ih-all/04_projects/melyviz-vvkriszti/still-2026-01-10-232238_2.16.1.webp","924167","50436","1920","1080",""
"04_projects/melyviz-vvkriszti/Still 2026-01-10 232238_2.41.1.jpg","assets/ih-all/04_projects/melyviz-vvkriszti/still-2026-01-10-232238_2.41.1.webp","931195","68514","1920","1080",""
"04_projects/melyviz-vvkriszti/Still 2026-01-10 232238_2.43.1.jpg","assets/ih-all/04_projects/melyviz-vvkriszti/still-2026-01-10-232238_2.43.1.webp","825985","53666","1920","1080",""
"04_projects/melyviz-vvkriszti/Still 2026-01-10 232238_2.44.1.jpg","assets/ih-all/04_projects/melyviz-vvkriszti/still-2026-01-10-232238_2.44.1.webp","841896","57776","1920","1080",""
"04_projects/melyviz-vvkriszti/Still 2026-01-10 232238_2.45.1.jpg","assets/ih-all/04_projects/melyviz-vvkriszti/still-2026-01-10-232238_2.45.1.webp","903053","60198","1920","1080",""
"04_projects/melyviz-vvkriszti/Still 2026-01-10 232238_2.76.1.jpg","assets/ih-all/04_projects/melyviz-vvkriszti/still-2026-01-10-232238_2.76.1.webp","1288528","79254","1920","1080",""
"04_projects/melyviz-vvkriszti/Still 2026-01-10 232238_2.77.1.jpg","assets/ih-all/04_projects/melyviz-vvkriszti/still-2026-01-10-232238_2.77.1.webp","1161178","38106","1920","1080",""
"04_projects/melyviz-vvkriszti/Still 2026-01-10 232238_2.78.1.jpg","assets/ih-all/04_projects/melyviz-vvkriszti/still-2026-01-10-232238_2.78.1.webp","1411577","92234","1920","1080",""
"04_projects/offline/DSC08132.jpg","assets/ih-all/04_projects/offline/dsc08132.webp","18606954","602752","6000","4000",""
"04_projects/offline/DSC08136.jpg","assets/ih-all/04_projects/offline/dsc08136.webp","18678407","512108","6000","4000",""
"04_projects/offline/DSC08140.jpg","assets/ih-all/04_projects/offline/dsc08140.webp","13755285","425328","5441","3543",""
"04_projects/offline/DSC08159.jpg","assets/ih-all/04_projects/offline/dsc08159.webp","13286512","294748","6000","4000",""
"04_projects/offline/DSC08165.jpg","assets/ih-all/04_projects/offline/dsc08165.webp","17902469","439152","3846","6000",""
"04_projects/offline/DSC08171.jpg","assets/ih-all/04_projects/offline/dsc08171.webp","16823078","477572","6000","4000",""
"04_projects/offline/DSC08190.jpg","assets/ih-all/04_projects/offline/dsc08190.webp","19763559","711992","6000","4000",""
"04_projects/offline/DSC08223.jpg","assets/ih-all/04_projects/offline/dsc08223.webp","31582714","1052344","6000","3441",""
"04_projects/pogany-indulo/587484800_1400869875372281_3896705483519627494_n.jpg","assets/ih-all/04_projects/pogany-indulo/587484800_1400869875372281_3896705483519627494_n.webp","25878","17486","810","540",""
"04_projects/pogany-indulo/pogany_indulo_group_photo_stairs.webp","assets/ih-all/04_projects/pogany-indulo/pogany_indulo_group_photo_stairs.webp","268982","184350","1079","1333",""
"04_projects/pogany-indulo/pogany_indulo_stage_arms_out.webp","assets/ih-all/04_projects/pogany-indulo/pogany_indulo_stage_arms_out.webp","108878","95960","2000","1333",""
"04_projects/pogany-indulo/pogany_indulo_stage_portrait_blue.webp","assets/ih-all/04_projects/pogany-indulo/pogany_indulo_stage_portrait_blue.webp","45534","22964","1200","630",""
"04_projects/pogany-indulo/Timeline 1_01_00_04_19.jpg","assets/ih-all/04_projects/pogany-indulo/timeline-1_01_00_04_19.webp","1882186","85454","3840","2160",""
"04_projects/pogany-indulo/Timeline 1_01_00_58_16.jpg","assets/ih-all/04_projects/pogany-indulo/timeline-1_01_00_58_16.webp","2707643","113894","3840","2160",""
"04_projects/pogany-indulo/Timeline 1_01_02_43_02.jpg","assets/ih-all/04_projects/pogany-indulo/timeline-1_01_02_43_02.webp","1993062","58784","3840","2160",""
"04_projects/Rendszerbonto/0F3A5453.jpg","assets/ih-all/04_projects/rendszerbonto/0f3a5453.webp","2155120","632338","5000","3335",""
"04_projects/Rendszerbonto/0F3A5533.jpg","assets/ih-all/04_projects/rendszerbonto/0f3a5533.webp","2212267","271462","5000","3335",""
"04_projects/Rendszerbonto/354A2497.jpg","assets/ih-all/04_projects/rendszerbonto/354a2497.webp","1414430","119182","2500","1667",""
"04_projects/Rendszerbonto/354A3236.jpg","assets/ih-all/04_projects/rendszerbonto/354a3236.webp","2033580","135558","2500","1667",""
"04_projects/Rendszerbonto/354A3484.jpg","assets/ih-all/04_projects/rendszerbonto/354a3484.webp","2617950","258528","2500","1668",""
"04_projects/Rendszerbonto/DJI_20260410195726_0870_D.jpg","assets/ih-all/04_projects/rendszerbonto/dji_20260410195726_0870_d.webp","1527404","381300","1280","959",""
"04_projects/Rendszerbonto/Rockstarphotographers_KonczMarton_20260410_0223.JPG","assets/ih-all/04_projects/rendszerbonto/rockstarphotographers_konczmarton_20260410_0223.webp","2310025","68682","3500","2333",""
"04_projects/Rendszerbonto/rockstarphotographers-horvath-andras-20260410-16-34-2.jpg","assets/ih-all/04_projects/rendszerbonto/rockstarphotographers-horvath-andras-20260410-16-34-2.webp","1886408","470884","5472","3648",""
"04_projects/Rendszerbonto/rockstarphotographers-rb-bence-nagy-20260410-13-58(1).jpg","assets/ih-all/04_projects/rendszerbonto/rockstarphotographers-rb-bence-nagy-20260410-13-58-1.webp","3561419","348810","6000","4000",""
"04_projects/spotlight/1/1.png","assets/ih-all/04_projects/spotlight/1/1.webp","1925667","152412","1080","1350",""
"04_projects/spotlight/1/3.png","assets/ih-all/04_projects/spotlight/1/3.webp","1958610","93630","1080","1350",""
"04_projects/spotlight/1/4.png","assets/ih-all/04_projects/spotlight/1/4.webp","1481149","159714","1080","1350",""
"04_projects/spotlight/2/1.png","assets/ih-all/04_projects/spotlight/2/1.webp","1487447","83556","1080","1350",""
"04_projects/spotlight/2/3.png","assets/ih-all/04_projects/spotlight/2/3.webp","1478786","87224","1080","1350",""
"04_projects/spotlight/2/4.png","assets/ih-all/04_projects/spotlight/2/4.webp","992026","28612","1080","1350",""
"04_projects/spotlight/2/6.png","assets/ih-all/04_projects/spotlight/2/6.webp","2646484","206866","1080","1350",""
"04_projects/spotlight/3/20.png","assets/ih-all/04_projects/spotlight/3/20.webp","1058238","73748","1080","1350",""
"04_projects/spotlight/3/22.png","assets/ih-all/04_projects/spotlight/3/22.webp","2052157","38460","1080","1350",""
"04_projects/spotlight/3/24.png","assets/ih-all/04_projects/spotlight/3/24.webp","1143241","45308","1080","1350",""
"04_projects/spotlight/3/26.png","assets/ih-all/04_projects/spotlight/3/26.webp","1450600","55024","1080","1350",""
"04_projects/spotlight/4/1.png","assets/ih-all/04_projects/spotlight/4/1.webp","1355362","87262","1088","1358",""
"04_projects/spotlight/4/3.png","assets/ih-all/04_projects/spotlight/4/3.webp","3197159","311540","1080","1350",""
"04_projects/spotlight/4/5.png","assets/ih-all/04_projects/spotlight/4/5.webp","2097148","109766","1080","1350",""
"04_projects/spotlight/4/6.png","assets/ih-all/04_projects/spotlight/4/6.webp","2668343","138902","1080","1350",""
"04_projects/spotlight/5/50.png","assets/ih-all/04_projects/spotlight/5/50.webp","1867101","122868","1080","1350",""
"04_projects/spotlight/5/52.png","assets/ih-all/04_projects/spotlight/5/52.webp","2735102","230614","1080","1350",""
"04_projects/spotlight/5/54.png","assets/ih-all/04_projects/spotlight/5/54.webp","1378899","77872","1080","1350",""
"04_projects/spotlight/5/56.png","assets/ih-all/04_projects/spotlight/5/56.webp","2832675","258516","1080","1350",""